user_id,p_sleep,p_anxiety,p_biblestudy,p_generic
bob,0.0751528889,0.0261121672,0.008802929,0.014799647
alice,0.0261123441,0.0173919164,0.2252630293,0.0496156029
charlie,0.0209902618,0.2010776699,0.0262822434,0.0294603668
